id;nombre;apellido;telefono;dni
1;Card;transform;generating enterprise Surinam;Green virtual
2;capability Quality Up-sized;Home;Fantastic Central Usability;initiatives transmitter synthesize
3;digital;Cheese;driverXXXX;Ringgit payment blue
4;tan Central indexing;navigate transitional;Intelligent Cambridgeshire background;invoiceX
5;orange East;Loan facilitate Ball;calculating online;ChickenX
6;Cambridgeshire deposit payment;Car Account;bandwidthX;synergize framework
7;Investment Tuna Orchestrator;Director;Jewelery Garden payment;Table Salad Loan
8;Engineer Security Wooden;Architect vertical;Bike bypassing;evolveXX
9;HTTP Administrator;parallelism Rubber;calculating card invoice;eyeballs Interactions
10;capacitor Agent Trinidad;Account Cambridgeshire 24/7;interface Small next-generation;busXXXXX
